designation,serial,sheet_name,early_record_id,late_record_id,early_catalogue_year,late_catalogue_year,early_survey_years,late_survey_years,late_revision_years,same_survey,survey_gap_years,credit_form_early,credit_form_late,comparison_tier,early_position_basis,late_position_basis,shared_km2,early_total,late_total,early_in_shared,late_in_shared,count_ratio,early_in_neatline,late_in_neatline,count_ratio_neatline,matched,early_only,late_only,matched_share,matched_share_250m,matched_share_400m,matched_share_600m,matched_distance_median_m,twin_offset_m
B0-C36,VII,Porto-Farina,oai:u-bordeaux-montaigne.fr:340371,oai:u-bordeaux-montaigne.fr:340370,1902,1935,1891,1900 1930 1931 1932,1931 1932,0,41,officers,compiled,spatial,graticule,georef,605.1,626,712,624,700,1.122,671,835,1.244,236,388,464,0.3782,0.3189,0.3782,0.4071,148.7,188.7
B1-C36,XIII,Ariana,oai:u-bordeaux-montaigne.fr:340388,oai:u-bordeaux-montaigne.fr:340387,1902,1936,1890 1891,1890 1891 1931 1932 1935,1935,0,44,officers,compiled,counts_only,,georef,,,,,,,629,1492,2.372,,,,,,,,,
B1-C37,XIV,La Marsa,oai:u-bordeaux-montaigne.fr:340390,oai:u-bordeaux-montaigne.fr:340389,1902,1932,1891,1891,,1,0,officers,officers,spatial,graticule,georef,620.9,429,987,413,909,2.201,490,993,2.027,208,205,701,0.5036,0.4407,0.5036,0.5085,108.1,858.6
B2-C36,XX,Tunis,oai:u-bordeaux-montaigne.fr:340396,oai:u-bordeaux-montaigne.fr:340395,1902,1935,1889,1889,,1,0,officers,officers,spatial,graticule,georef,606.5,2194,3564,2145,3267,1.523,2196,3490,1.589,1056,1089,2211,0.4923,0.4718,0.4923,0.5007,101.5,240.9
B2-C37,XXI,La Goulette,oai:u-bordeaux-montaigne.fr:340409,oai:u-bordeaux-montaigne.fr:340407,,1932,1889,1889,,1,0,officers,officers,spatial,graticule,corner_fit,607.0,568,2311,541,2164,4.0,576,1860,3.229,320,221,1844,0.5915,0.5342,0.5915,0.5989,147.1,
B5-C37,XLIII,Enfidaville,oai:u-bordeaux-montaigne.fr:340450,oai:u-bordeaux-montaigne.fr:340449,,1930,1893,1893,,1,0,officers,officers,counts_only,,georef,,,,,,,467,819,1.754,,,,,,,,,
B6-C37,XLIX,Sidi Bou Ali,oai:u-bordeaux-montaigne.fr:340467,oai:u-bordeaux-montaigne.fr:340456,,1931,1892,1892,,1,0,officers,officers,spatial,graticule,georef,606.6,895,870,842,728,0.865,906,784,0.865,341,501,387,0.405,0.3789,0.405,0.4192,180.3,221.1
B6-C38,L,Halk El Mennzel,oai:u-bordeaux-montaigne.fr:340469,oai:u-bordeaux-montaigne.fr:340468,,1931,1892,1892,,1,0,officers,officers,spatial,graticule,georef,605.4,29,163,23,90,3.913,29,109,3.759,9,14,81,0.3913,0.1304,0.3913,0.6522,306.1,1085.4
B7-C38,LVII,Sousse,oai:u-bordeaux-montaigne.fr:340487,oai:u-bordeaux-montaigne.fr:340476,,1931,1892,1892,,1,0,officers,officers,spatial,graticule,georef,607.2,1073,1404,971,1208,1.244,1081,1286,1.19,400,571,808,0.4119,0.3471,0.4119,0.4511,128.0,857.7
