record_id,serial,serial_number,band,column,designation,sheet_name,revision_year,published_year,projection,ellipsoid,identifier,provenance,scale_denominator,bbox_west,bbox_east,bbox_south,bbox_north,width_deg,height_deg,title,url
oai:u-bordeaux-montaigne.fr:340367,IV,4,0,33,B0-C33,Cap Negro,,1922,Bonne,,07-08-01-009,partner,50000,8.80000,9.18333,37.06667,37.25000,0.3833,0.1833,"Tunisie Flle. N° IV-B0-C33, Cap Negro / dressé, héliogravé et publié par le Service géographique de l'Armée (complété en 1922)",https://1886.u-bordeaux-montaigne.fr/s/1886/item/340367
oai:u-bordeaux-montaigne.fr:340354,I,1,00,34,B00-C34,Kef Abbed,,1931,,,07-08-01-002,partner,50000,9.18333,9.55000,37.23333,37.41667,0.3667,0.1833,"Tunisie Flle. N°I-B00-C34, Kef Abbed / dressé, héliogravé et publié par le Service géographique de l'Armée (complété en 1931) ; les travaux sur le terrain ont été exécutés par Mr. Vicq [en] 1897",https://1886.u-bordeaux-montaigne.fr/s/1886/item/340354
oai:u-bordeaux-montaigne.fr:340368,V,5,0,34,B0-C34,Oued Sedjenane,,1932,,,07-08-01-012,partner,50000,9.16667,9.55000,37.05000,37.25000,0.3833,0.2000,"Tunisie Flle. N° V-B0-C34, Oued Sedjenane / dressé, héliogravé et publié par le Service géographique de l'Armée (complété en 1932)",https://1886.u-bordeaux-montaigne.fr/s/1886/item/340368
oai:u-bordeaux-montaigne.fr:340355,II,2,0,35,B0-C35,Bizerte,,1936,,,07-08-01-005,partner,50000,9.53333,9.91667,37.20000,37.40000,0.3833,0.2000,"Tunisie Flle. N° II-B0-C35, Bizerte / dressé, héliogravé et publié par le Service géographique de l'Armée en 1936",https://1886.u-bordeaux-montaigne.fr/s/1886/item/340355
oai:u-bordeaux-montaigne.fr:340369,VI,6,0,35,B0-C35,Djebel Ichkeul,,1936,Bonne,Clarke 1880,07-08-01-014,partner,50000,9.53333,9.88333,37.03333,37.23333,0.3500,0.2000,"Tunisie Flle. N° VI [6] B 0 - C 35, Djebel Ichkeul / dressé, heliogravé et publié par Service géographique de l'armée en 1936",https://1886.u-bordeaux-montaigne.fr/s/1886/item/340369
oai:u-bordeaux-montaigne.fr:340356,III,3,00,36,B00-C36,Metline,,,,,07-08-01-006,partner,50000,9.90000,10.26667,37.18333,37.38333,0.3667,0.2000,"Tunisie Flle. N° III - B 00 - C 36, Metline / dressé, heliogravé et publié par Service géographique de l'armée",https://1886.u-bordeaux-montaigne.fr/s/1886/item/340356
oai:u-bordeaux-montaigne.fr:340371,VII,7,0,36,B0-C36,Porto-Farina,1902,1902,,,07-08-01-016,partner,50000,9.88333,10.23333,37.01667,37.18333,0.3500,0.1667,"Tunisie Flle. N° VII.B 0-C 36, Porto-Farina / dressé, gravé et publié par Service géographique de l'armée (Révision de 1902)",https://1886.u-bordeaux-montaigne.fr/s/1886/item/340371
oai:u-bordeaux-montaigne.fr:340370,VII,7,0,36,B0-C36,Porto-Farina,,1935,Bonne,,07-08-01-015,partner,50000,9.88333,10.23333,37.01667,37.18333,0.3500,0.1667,"Tunisie Flle. N° VII.B 0-C 36, Porto-Farina / dressé, héliogravé et publié par Service géographique de l'armée en 1935",https://1886.u-bordeaux-montaigne.fr/s/1886/item/340370
oai:u-bordeaux-montaigne.fr:340372,VIII,8,0,38,B0-C38,Sidi Daoud,1932,1932,Bonne,Clarke 1880,07-08-01-020,partner,50000,10.60000,10.95000,36.95000,37.13333,0.3500,0.1833,"Tunisie Flle. N° VIII - B 0 - C 38, Sidi Daoud / dressé, héliogravé et publié par Service géographique de l'armée (révision de 1932)",https://1886.u-bordeaux-montaigne.fr/s/1886/item/340372
oai:u-bordeaux-montaigne.fr:340373,IX,9,0,39,B0-C39,Cap Bon,1932,1939,Bonne,Clarke 1880,07-08-01-023,partner,50000,10.95000,11.30000,36.93333,37.11667,0.3500,0.1833,"Tunisie Flle. N° IX - B 0 - C 39, Cap Bon / dressé, héliogravé et publié par Service géographique de l'armée en 1894 (révision de 1932)",https://1886.u-bordeaux-montaigne.fr/s/1886/item/340373
oai:u-bordeaux-montaigne.fr:340374,X,10,1,33,B1-C33,Nefza,,1922,,,07-08-01-026,partner,50000,8.80000,9.15000,37.61667,37.80000,0.3500,0.1833,"Tunisie Flle. N° X-B1-C33, Nefza / dressé, héliogravé et publié par le Service Géographique de l'Armée (complété en 1922)",https://1886.u-bordeaux-montaigne.fr/s/1886/item/340374
oai:u-bordeaux-montaigne.fr:340471,LII,52,1,33,B1-C33,Ebba Ksour,,1925,,,07-08-02-011,partner,50000,8.72306,9.07417,35.82000,36.00889,0.3511,0.1889,"Tunisie Flle. N° LII-B1-C33, Ebba Ksour / dressé, héliogravé et publié par le Service géographique de l'Armée en 1925",https://1886.u-bordeaux-montaigne.fr/s/1886/item/340471
oai:u-bordeaux-montaigne.fr:340375,XI,11,1,34,B1-C34,Hedil,,1932,,,07-08-01-027,partner,50000,9.16667,9.51667,36.86667,37.05000,0.3500,0.1833,"Tunisie Flle. N°XI-B1-C34, Hedil / dressé, héliogravé et publié par le Service géographique de l'Armée (complété en 1932)",https://1886.u-bordeaux-montaigne.fr/s/1886/item/340375
oai:u-bordeaux-montaigne.fr:340376,XII,12,1,35,B1-C35,Mateur,,1936,Bonne,Clarke 1880,07-08-01-030,partner,50000,9.50000,9.85000,36.85000,37.03333,0.3500,0.1833,"Tunisie Flle. N° XII -B 1-C 35, Mateur / dressé, héliogravé et publié par Service géographique de l'armée en 1936",https://1886.u-bordeaux-montaigne.fr/s/1886/item/340376
oai:u-bordeaux-montaigne.fr:340388,XIII,13,1,36,B1-C36,El Ariana,1902,1902,,,07-08-01-033,partner,50000,,,,,,,"Tunisie Flle. N° XIII-B1-C36, El Ariana / dressé, gravé et publié par le Service géographique de l'armée (révision de 1902)",https://1886.u-bordeaux-montaigne.fr/s/1886/item/340388
oai:u-bordeaux-montaigne.fr:340387,XIII,13,1,36,B1-C36,Ariana,,1936,,,07-08-01-032,partner,50000,9.86667,10.23333,36.83333,37.01667,0.3667,0.1833,"Tunisie Flle. N° XIII-B1-C36, Ariana / dressé, gravé et publié par le Service géographique de l'Armée en 1936",https://1886.u-bordeaux-montaigne.fr/s/1886/item/340387
oai:u-bordeaux-montaigne.fr:340390,XIV,14,1,37,B1-C37,La Marsa,1902,1902,,,07-08-01-036,partner,50000,10.23333,10.58333,36.80000,37.00000,0.3500,0.2000,"Tunisie Flle. N° XIV-B 1-C 37, La Marsa / dressé, gravé et publié par Service géographique de l'armée (révision de 1902)",https://1886.u-bordeaux-montaigne.fr/s/1886/item/340390
oai:u-bordeaux-montaigne.fr:340389,XIV,14,1,37,B1-C37,La Marsa,1932,1932,Bonne,Clarke 1880,07-08-01-035,partner,50000,10.23333,10.58333,36.80000,37.00000,0.3500,0.2000,"Tunisie Flle. N° XIV-B 1-C 37, La Marsa / dressé, gravé et publié par Service géographique de l'armée (révision de 1932)",https://1886.u-bordeaux-montaigne.fr/s/1886/item/340389
oai:u-bordeaux-montaigne.fr:340391,XV,15,1,38,B1-C38,Tazoghrane,,1932,Bonne,Clarke 1880,07-08-01-039,partner,50000,10.58333,10.93333,36.78333,36.95000,0.3500,0.1667,"Tunisie Flle. N° XV-B 1-C 38, Tazoghrane / dressé, héliogravé et publié par Service géographique de l'armée (révisé en 1932)",https://1886.u-bordeaux-montaigne.fr/s/1886/item/340391
oai:u-bordeaux-montaigne.fr:340392,XVI,16,1,39,B1-C39,Kelibia,1932,1932,Bonne,Clarke 1880,07-08-01-042,partner,50000,,,,,,,"Tunisie Flle. N° XVI-B 1-C 39, Kelibia / dressé, héliogravé et publié par Service géographique de l'armée (révision de 1932)",https://1886.u-bordeaux-montaigne.fr/s/1886/item/340392
oai:u-bordeaux-montaigne.fr:340393,XVIII,18,2,34,B2-C34,Béja,1902,1932,,,07-08-01-046,partner,50000,9.13333,9.50000,36.70000,36.86667,0.3667,0.1667,"Tunisie Flle. N° XVIII-B2-C34, Béja / dressé, héliogravé et publié par le Service géographique de l'Armée (révision de 1902) (complété en 1932)",https://1886.u-bordeaux-montaigne.fr/s/1886/item/340393
oai:u-bordeaux-montaigne.fr:340394,XIX,19,2,35,B2-C35,Tebourba,,1934,,,07-08-01-048,partner,50000,9.50611,9.87528,36.67500,36.87278,0.3692,0.1978,"Tunisie Flle. N° XIX-B2-C35, Tebourba / dressé, héliogravé et publié par le service géographique de l'Armée (révisé en 1934)",https://1886.u-bordeaux-montaigne.fr/s/1886/item/340394
oai:u-bordeaux-montaigne.fr:340396,XX,20,2,36,B2-C36,Tunis,1902,1902,,,07-08-01-051,partner,50000,9.85722,10.22611,36.65694,36.85500,0.3689,0.1981,"Tunisie Flle. N° XX-B2-C36, Tunis / dressé, gravé et publié par le Service géographique de l'Armée (révision de 1902)",https://1886.u-bordeaux-montaigne.fr/s/1886/item/340396
oai:u-bordeaux-montaigne.fr:340395,XX,20,2,36,B2-C36,Tunis,,1935,,,07-08-01-050,partner,50000,9.85722,10.22611,36.65694,36.85500,0.3689,0.1981,"Tunisie Flle. N° XX-B2-C36, Tunis / dressé, dessiné et publié par le Service géographique de l'Armée (révisé en 1935)",https://1886.u-bordeaux-montaigne.fr/s/1886/item/340395
oai:u-bordeaux-montaigne.fr:340409,XXI,21,2,37,B2-C37,La Goulette,,,,,07-08-01-054,partner,50000,10.23333,10.58611,36.61667,36.81667,0.3528,0.2000,"Tunisie Flle. N° XXI-B2-C37, La Goulette / dressé, gravé et publié par le Service géographique de l'Armée",https://1886.u-bordeaux-montaigne.fr/s/1886/item/340409
oai:u-bordeaux-montaigne.fr:340407,XXI,21,2,37,B2-C37,La Goulette,1932,1932,,,07-08-01-052,partner,50000,10.23333,10.58611,36.61667,36.81667,0.3528,0.2000,"Tunisie Flle. N° XXI-B2-C37, La Goulette / dressé, gravé et publié par le Service géographique de l'Armée (révision de 1932)",https://1886.u-bordeaux-montaigne.fr/s/1886/item/340407
oai:u-bordeaux-montaigne.fr:340410,XXII,22,2,38,B2-C38,Menzel Bou Zelfa,1932,1932,,,07-08-01-056,partner,50000,10.57778,10.94583,36.60278,36.81000,0.3681,0.2072,"Tunisie Flle. N° XXII-B2-C38, Menzel Bou Zelfa / dressé, heliogravé et publié par le Service géographique de l'armée (révision de 1932)",https://1886.u-bordeaux-montaigne.fr/s/1886/item/340410
oai:u-bordeaux-montaigne.fr:340411,XXIII,23,2,39,B2-C39,Mennzel Heurr,1932,1932,,,07-08-01-058,partner,50000,,,,,,,"Tunisie Flle. N° XXIII-B2-C39, Mennzel Heurr / dressé, héliogravé et publié par Service géographique de l'armée en 1896. Révision de 1932",https://1886.u-bordeaux-montaigne.fr/s/1886/item/340411
oai:u-bordeaux-montaigne.fr:340412,XXVI,26,3,34,B3-C34,Oued-Zarga,,1931,,,07-08-01-063,partner,50000,9.12778,9.49722,36.52222,36.71111,0.3694,0.1889,"Tunisie Feuille n° XXVI-B3-C34, Oued-Zarga / dressé, héliogravé et publié par le service géographique de l'Armée (complété en 1931)",https://1886.u-bordeaux-montaigne.fr/s/1886/item/340412
oai:u-bordeaux-montaigne.fr:340413,XXVII,27,3,35,B3-C35,Medjez-el-Bab,,1931,,,07-08-01-065,partner,50000,9.48889,9.85833,36.49444,36.69167,0.3694,0.1972,"Tunisie Flle. N° XXVII-B3-C35, Medjez-el-Bab / dressé, heliogravé et publié par Service géographique de l'armée",https://1886.u-bordeaux-montaigne.fr/s/1886/item/340413
oai:u-bordeaux-montaigne.fr:340414,XXVIII,28,3,36,B3-C36,Oudna,1931,1931,,,07-08-01-066,partner,50000,9.83889,10.20833,36.47694,36.67500,0.3694,0.1981,"Tunisie Flle. n°XXVIII-B3-C36, Oudna / dressé, gravé et publié par le service géographique de l'Armée (révision de 1931)",https://1886.u-bordeaux-montaigne.fr/s/1886/item/340414
oai:u-bordeaux-montaigne.fr:340415,XXIX,29,3,37,B3-C37,Grombalia,,1932,,,07-08-01-067,partner,50000,10.20000,10.56667,36.45000,36.64778,0.3667,0.1978,"Tunisie Flle. n°XXIX-B3-C37, Grombalia / dressé, héliogravé et publié par le service géographique de l'Armée (complété en 1932)",https://1886.u-bordeaux-montaigne.fr/s/1886/item/340415
oai:u-bordeaux-montaigne.fr:340416,XXX,30,3,38,B3-C38,Nabeul,1932,1932,,,07-08-01-069,partner,50000,10.55000,10.90000,36.41667,36.60000,0.3500,0.1833,"Tunisie Flle. N° XXX-B3-C38, Nabeul / dressé, gravé et publié par Service géographique de l'armée, révision de 1932",https://1886.u-bordeaux-montaigne.fr/s/1886/item/340416
oai:u-bordeaux-montaigne.fr:340427,XXXI,31,4,32,B4-C32,Ghardimaou,,1928,,,07-08-01-071,partner,50000,8.40833,8.76833,36.37778,36.56667,0.3600,0.1889,"Tunisie Flle. N° XXXI-B4-C32, Ghardimaou / dressé, héliogravé et publié par le service géographique de l'Armée (complété en 1928)",https://1886.u-bordeaux-montaigne.fr/s/1886/item/340427
oai:u-bordeaux-montaigne.fr:340428,XXXII,32,4,33,B4-C33,Souk el Arba,,1923,,,07-08-01-073,partner,50000,8.75833,9.12778,36.35833,36.55000,0.3694,0.1917,"Tunisie Flle. N° XXXII-B4-C33, Souk el Arba / dressé, héliogravé et publié par le Service géographique de l'Armée (complété en 1923)",https://1886.u-bordeaux-montaigne.fr/s/1886/item/340428
oai:u-bordeaux-montaigne.fr:340429,XXXIII,33,4,34,B4-C34,Teboursouk,,1932,,,07-08-01-074,partner,50000,9.11944,9.47917,36.34167,36.53056,0.3597,0.1889,"Tunisie Flle. N° XXXIII-B4-C34, Teboursouk / dressé, héliogravé et publié par le Service géographique de l'Armée (complété en 1932)",https://1886.u-bordeaux-montaigne.fr/s/1886/item/340429
oai:u-bordeaux-montaigne.fr:340430,XXXIV,34,4,35,B4-C35,Bou Arada,,1930,,,07-08-01-076,partner,50000,9.47028,9.83917,36.31528,36.51250,0.3689,0.1972,"Tunisie Flle. N° XXXIV-B4-C35, Bou Arada / dressé, héliogravé et publié par le Service géographique de l'Armée (révisé en 1930)",https://1886.u-bordeaux-montaigne.fr/s/1886/item/340430
oai:u-bordeaux-montaigne.fr:340431,XXXV,35,4,36,B4-C36,Zaghouan,1902,1932,,,07-08-01-078,partner,50000,9.83056,10.19028,36.30556,36.48611,0.3597,0.1806,"Tunisie Flle. N° XXXV-B4-C36, Zaghouan / dressé, gravé et publié par le Service géographique de l'Armée (révision de 1902), (complétée en 1932)",https://1886.u-bordeaux-montaigne.fr/s/1886/item/340431
oai:u-bordeaux-montaigne.fr:340432,XXXVI,36,4,37,B4-C37,Bou Ficha,,1932,,,07-08-01-079,partner,50000,10.18111,10.54111,36.26972,36.46778,0.3600,0.1981,"Tunisie Flle. N° XXXVI-B4-C37, Bou Ficha / Dressé, héliogravé et publié par Service géographique de l'armée, levés de 1893, révisés en 1932 et levés de 1930",https://1886.u-bordeaux-montaigne.fr/s/1886/item/340432
oai:u-bordeaux-montaigne.fr:340433,XXXVII,37,4,38,B4-C38,Hammamet,1931,1931,,,07-08-01-081,partner,50000,10.54111,10.90111,36.25000,36.41667,0.3600,0.1667,"Tunisie Flle. N° XXXVII-B4-C38, Hammamet / dressé, gravé et publié par le Service géographique de l'Armée (révision de 1931)",https://1886.u-bordeaux-montaigne.fr/s/1886/item/340433
oai:u-bordeaux-montaigne.fr:340434,XXXVIII,38,5,32,B5-C32,Ouargha,,,,,07-08-01-083,partner,50000,8.39028,8.75000,36.19778,36.38694,0.3597,0.1892,"Tunisie Flle. N° XXXVIII-B5-C32, Ouargha / dessiné, héliogravé et publié par le Service géographique de l'Armée",https://1886.u-bordeaux-montaigne.fr/s/1886/item/340434
oai:u-bordeaux-montaigne.fr:340435,XXXIX,39,5,33,B5-C33,Nebeur,,1924,,,07-08-01-086,partner,50000,8.75000,9.11028,36.18000,36.36667,0.3603,0.1867,"Tunisie Flle. N° XXXIX-B5-C33, Nebeur / dessiné, héliogravé et publié par le Service géographique de l'Armée en 1924",https://1886.u-bordeaux-montaigne.fr/s/1886/item/340435
oai:u-bordeaux-montaigne.fr:340436,XL,40,5,34,B5-C34,Gafour,,1922,,,07-08-01-089,partner,50000,9.10000,9.45000,36.15000,36.33333,0.3500,0.1833,"Tunisie Flle. N° XL-B5-C34, Gafour / dressé, héliogravé et publié par le Service géographique de l'Armée, en 1922",https://1886.u-bordeaux-montaigne.fr/s/1886/item/340436
oai:u-bordeaux-montaigne.fr:340447,XLI,41,5,35,B5-C35,Djebel Mansour,,1930,Bonne,Clarke 1880,07-08-01-092,partner,50000,9.46111,9.82111,36.14444,36.33333,0.3600,0.1889,"Tunisie Flle. N° XLI-B5-C35, Djebel Mansour / dessiné, héliogravé et publié par le Service géographique de l'Armée en 1923 (révisé en 1930)",https://1886.u-bordeaux-montaigne.fr/s/1886/item/340447
oai:u-bordeaux-montaigne.fr:340448,XLII,42,5,36,B5-C36,Djebel Fkirine,,1930,Bonne,Clarke 1880,07-08-01-094,partner,50000,9.81222,10.17222,36.10000,36.28333,0.3600,0.1833,"Tunisie Flle. N° XLII-B5-C36, Djebel Fkirine / dressé, gravé et publié par Service géographique de l'armée (révisé en 1930)",https://1886.u-bordeaux-montaigne.fr/s/1886/item/340448
oai:u-bordeaux-montaigne.fr:340450,XLIII,43,5,37,B5-C37,Enfida,,,Bonne,Clarke 1880,07-08-01-097,partner,50000,10.16306,10.52306,36.08333,36.26667,0.3600,0.1833,"Tunisie Flle. N° XLIII-B5-C37, Enfida / dressé, gravé et publié par Service géographique de l'armée",https://1886.u-bordeaux-montaigne.fr/s/1886/item/340450
oai:u-bordeaux-montaigne.fr:340449,XLIII,43,5,37,B5-C37,Enfidaville,1930,1930,,,07-08-01-096,partner,50000,10.16306,10.52306,36.08333,36.26667,0.3600,0.1833,"Tunisie Flle. N° XLIII-B5-C37, Enfidaville / dressé, gravé et publié par le Service géographique de l'Armée (révision de 1930)",https://1886.u-bordeaux-montaigne.fr/s/1886/item/340449
oai:u-bordeaux-montaigne.fr:340451,XLIV,44,6,32,B6-C32,Le Kef,,1925,,,07-08-01-100,partner,50000,8.36667,8.73333,36.01667,36.20000,0.3667,0.1833,"Tunisie Flle N° XLIV-B6-C32, Le Kef / dessiné, héliogravé et publié par le Service géographique de l'Armée en 1924 (complété en 1925)",https://1886.u-bordeaux-montaigne.fr/s/1886/item/340451
oai:u-bordeaux-montaigne.fr:340452,XLV,45,6,33,B6-C33,Les Salines,,1929,,,07-08-01-102,partner,50000,8.73333,9.08333,36.00000,36.16667,0.3500,0.1667,"Tunisie Flle. N° XLV-B6-C33, Les Salines / dressé,héliogravé et publié par le Service géographique de l'Armée en 1924 (révision partielle de 1925), complété en 1929",https://1886.u-bordeaux-montaigne.fr/s/1886/item/340452
oai:u-bordeaux-montaigne.fr:340453,XLVI,46,6,34,B6-C34,Siliana,,1931,,,07-08-01-104,partner,50000,9.08333,9.44333,35.98194,36.17083,0.3600,0.1889,"Tunisie Flle. N° XLVI-B6-C34, Siliana / dressé, héliogravé et publié par le Service géographique de l'Armée en 1926 (complété en 1931)",https://1886.u-bordeaux-montaigne.fr/s/1886/item/340453
oai:u-bordeaux-montaigne.fr:340454,XLVII,47,6,35,B6-C35,Djebel Bargou,,1931,,,07-08-01-107,partner,50000,9.44333,9.80333,35.95500,36.15278,0.3600,0.1978,"Tunisie Flle. N° XLVII-B6-C35, Djebel Bargou / dessiné, héliogravé et publié par le Service géographique de l'Armée en 1930 (complété en 1931)",https://1886.u-bordeaux-montaigne.fr/s/1886/item/340454
oai:u-bordeaux-montaigne.fr:340455,LXVIII,68,6,36,B6-C36,Djebibina,,1931,,,07-08-01-109,partner,50000,9.79417,10.15417,35.93694,36.12583,0.3600,0.1889,"Tunisie Flle. N° LXVIII-B6-C36, Djebibina / dressé, héliogravé et publié par le Service géographique de l'armée (complété en 1931)",https://1886.u-bordeaux-montaigne.fr/s/1886/item/340455
oai:u-bordeaux-montaigne.fr:340467,XLIX,49,6,37,B6-C37,Sidi Bou Ali,,,Bonne,Clarke 1880,07-08-01-113,partner,50000,10.14528,10.50528,35.90972,36.10778,0.3600,0.1981,"Tunisie Flle. N° XLIX-B6-C37, Sidi Bou Ali / dressé, gravé et publié par Service géographique de l'armée",https://1886.u-bordeaux-montaigne.fr/s/1886/item/340467
oai:u-bordeaux-montaigne.fr:340474,LV,55,6,37,B6-C37,Aïne Djeloula,,1931,,,07-08-02-022,partner,50000,9.77611,10.13611,35.75694,35.94583,0.3600,0.1889,"Tunisie Flle. N° LV-B6-C37, Aïne Djeloula / dressé, héliogravé et publié par le Service géographique de l'Armée (complété en 1931)",https://1886.u-bordeaux-montaigne.fr/s/1886/item/340474
oai:u-bordeaux-montaigne.fr:340456,XLIX,49,6,37,B6-C37,Sidi Bou Ali,,1931,,,07-08-01-112,partner,50000,10.14528,10.50528,35.90972,36.10778,0.3600,0.1981,"Tunisie Flle. N° XLIX-B6-C37, Sidi Bou Ali / dressé, gravé et publié par le Service géographique de l'Armée (complété en 1931)",https://1886.u-bordeaux-montaigne.fr/s/1886/item/340456
oai:u-bordeaux-montaigne.fr:340469,L,50,6,38,B6-C38,Halk El Mennzel,,,Bonne,Clarke 1880,07-08-02-005,partner,50000,10.50000,10.86667,35.89167,36.08056,0.3667,0.1889,"Tunisie Flle. N° L-B6-C38, Halk El Mennzel / dressé, gravé et publié par Service géographique de l'armée",https://1886.u-bordeaux-montaigne.fr/s/1886/item/340469
oai:u-bordeaux-montaigne.fr:340468,L,50,6,38,B6-C38,Halk El Mennzel,,1931,Bonne,Clarke 1880,07-08-02-003,partner,50000,10.50000,10.86667,35.89167,36.08056,0.3667,0.1889,"Tunisie Flle. N° L-B6-C38, Halk El Mennzel / dressé, gravé et publié par Service géographique de l'armée (complété en 1931)",https://1886.u-bordeaux-montaigne.fr/s/1886/item/340468
oai:u-bordeaux-montaigne.fr:340470,LI,51,7,32,B7-C32,Tadjerouine,,1923,,,07-08-02-008,partner,50000,8.36333,8.72306,35.83778,36.02694,0.3597,0.1892,"Tunisie Flle. N° LI-B7-C32, Tadjerouine / dressé, héliogravé et publié par le Service Géographique de l'Armée en 1923 (révision partielle de 1923)",https://1886.u-bordeaux-montaigne.fr/s/1886/item/340470
oai:u-bordeaux-montaigne.fr:340472,LIII,53,7,34,B7-C34,Maktar,,1928,,,07-08-02-015,partner,50000,9.07417,9.43417,35.80194,35.99083,0.3600,0.1889,"Tunisie Flle. N° LIII-B7-C34, Maktar / dressé, héliogravé et publié par le Service géographique de l'Armée en 1928",https://1886.u-bordeaux-montaigne.fr/s/1886/item/340472
oai:u-bordeaux-montaigne.fr:340473,LIV,54,7,35,B7-C35,Djebel Serdj,,1932,,,07-08-02-018,partner,50000,9.42528,9.78528,35.78333,35.97278,0.3600,0.1894,"Tunisie Flle. N° LIV-B7-C35, Djebel Serdj / dressé, héliogravé et publié par le Service Géographique de l'Armée en 1929 (complété en 1932)",https://1886.u-bordeaux-montaigne.fr/s/1886/item/340473
oai:u-bordeaux-montaigne.fr:340475,LVI,56,7,37,B7-C37,Sebkra Kelbia,,1923,,,07-08-02-026,partner,50000,10.12722,10.48722,35.73000,35.92778,0.3600,0.1978,"Tunisie Flle. N° LVI-B7-C37, Sebkra Kelbia / dressé, gravé et publié par le Service géographique de l'Armée (complété en 1923)",https://1886.u-bordeaux-montaigne.fr/s/1886/item/340475
oai:u-bordeaux-montaigne.fr:340487,LVII,57,7,38,B7-C38,Sousse,,,,,07-08-02-032,partner,50000,10.47833,10.84722,35.71194,35.90972,0.3689,0.1978,"Tunisie Flle. N° LVII-B7-C38, Sousse / dressé, héliogravé et publié par le Service géographique de l'Armée",https://1886.u-bordeaux-montaigne.fr/s/1886/item/340487
oai:u-bordeaux-montaigne.fr:340476,LVII,57,7,38,B7-C38,Sousse,,1931,,,07-08-02-030,partner,50000,10.47833,10.84722,35.71194,35.90972,0.3689,0.1978,"Tunisie Flle. N° LVII-B7-C38, Sousse / dressé, héliogravé et publié par le Service géographique de l'Armée (complété en 1931)",https://1886.u-bordeaux-montaigne.fr/s/1886/item/340476
oai:u-bordeaux-montaigne.fr:340488,LIX,59,8,32,B8-C32,Kalaat es Senam,,1926,,,07-08-02-034,partner,50000,8.25528,8.70528,35.65778,35.83778,0.4500,0.1800,"Tunisie Flle. N° LIX-B8-C32, Kalaat es Senam / dressé, héliogravé et publié par le Service géographique de l'Armée en 1926",https://1886.u-bordeaux-montaigne.fr/s/1886/item/340488
oai:u-bordeaux-montaigne.fr:340489,LX,60,8,33,B8-C33,Aïn El Kseïba,,1928,Bonne,Clarke 1880,07-08-02-037,partner,50000,8.70528,9.06528,35.64000,35.82889,0.3600,0.1889,"Tunisie Flle. N° LX-B8-C33, Aïn El Kseïba / dressé héliogravé et publié par le Service géographique de l'armée en 1928",https://1886.u-bordeaux-montaigne.fr/s/1886/item/340489
oai:u-bordeaux-montaigne.fr:340490,LXI,61,8,34,B8-C34,Rohia-Dj. Barbrou,,1929,,,07-08-02-039,partner,50000,9.05611,9.41611,35.62194,35.81083,0.3600,0.1889,"Tunisie Flle. N° LXI-B8-C34, Rohia-Dj. Barbrou / dressé, héliogravé et publié par le Service géographique de l'Armée en 1929",https://1886.u-bordeaux-montaigne.fr/s/1886/item/340490
oai:u-bordeaux-montaigne.fr:340491,LXII,62,8,35,B8-C35,Pichon,,1928,,,07-08-02-042,partner,50000,9.40722,9.76722,35.60000,35.79278,0.3600,0.1928,"Tunisie Flle. N° LXII-B8-C35, Pichon / dressé, héliogravé et publié par le Service géographique de l'Armée en 1928",https://1886.u-bordeaux-montaigne.fr/s/1886/item/340491
oai:u-bordeaux-montaigne.fr:340492,LXIII,63,8,36,B8-C36,Kairouan,,1927,,,07-08-02-046,partner,50000,9.75806,10.11833,35.56667,35.75000,0.3603,0.1833,"Tunisie Flle. N° LXIII-B8-C36, Kairouan / dressé, héliogravé et publié par le Service géographique de l'Armée (complété en 1927)",https://1886.u-bordeaux-montaigne.fr/s/1886/item/340492
oai:u-bordeaux-montaigne.fr:340493,LXIV,64,8,37,B8-C37,Sidi El Hani,,1923,,,07-08-02-049,partner,50000,10.10917,10.46917,35.55889,35.74778,0.3600,0.1889,"Tunisie Flle. N° LXIV-B8-C37, Sidi El Hani / dressé, héliogravé et publié par le Service géographique de l'Armée (Complété en 1923)",https://1886.u-bordeaux-montaigne.fr/s/1886/item/340493
oai:u-bordeaux-montaigne.fr:340494,LXV,65,8,38,B8-C38,Djemmal,,1925,,,07-08-02-052,partner,50000,10.79333,10.82028,35.50000,35.66667,0.0269,0.1667,"Tunisie Flle. N° LXV-B8-C38, Djemmal / dressé, héliogravé et publié par le Service géographique de l'Armée (complété en 1925)",https://1886.u-bordeaux-montaigne.fr/s/1886/item/340494
oai:u-bordeaux-montaigne.fr:340495,LXVI,66,8,39,B8-C39,Moknine,,1931,,,07-08-02-055,partner,50000,10.81111,11.17111,35.50500,35.70278,0.3600,0.1978,"Tunisie Flle. N° LXVI-B8-C39, Moknine / dressé, héliogravé et publié par le Service Géographique de l'Armée (Complété en 1931)",https://1886.u-bordeaux-montaigne.fr/s/1886/item/340495
oai:u-bordeaux-montaigne.fr:340496,LXVII,67,9,32,B9-C32,Thala,,1927,,,07-08-02-057,partner,50000,8.33611,8.69611,35.47778,35.66667,0.3600,0.1889,"Tunisie Flle. N° LXVII-B9-C32, Thala / dressé, héliogravé et publié par Service géographique de l'armée en 1927",https://1886.u-bordeaux-montaigne.fr/s/1886/item/340496
oai:u-bordeaux-montaigne.fr:340507,LXVIII,68,9,33,B9-C33,Ksar Tlili,,1928,,,07-08-02-059,partner,50000,8.68722,9.04722,35.46000,35.64889,0.3600,0.1889,"Tunisie Flle. N° LXVIII-B9-C33, Ksar Tlili / dressé, héliogravé et publié par le Service Géographique de l'Armée en 1928",https://1886.u-bordeaux-montaigne.fr/s/1886/item/340507
oai:u-bordeaux-montaigne.fr:340508,LXIX,69,9,34,B9-C34,Sbiba,,1928,,,07-08-02-062,partner,50000,9.03833,9.39806,35.44194,35.63083,0.3597,0.1889,"Tunisie Flle. N° LXIX-B9-C34, Sbiba / dressé, héliogravé et publié par le Service Géographique de l'Armée en 1928",https://1886.u-bordeaux-montaigne.fr/s/1886/item/340508
oai:u-bordeaux-montaigne.fr:340509,LXX,70,9,35,B9-C35,Djebel Trozza,,1929,,,07-08-02-066,partner,50000,9.38917,9.74917,35.42389,35.61278,0.3600,0.1889,"Tunisie Flle. N° LXX-B9-C35, Djebel Trozza / dessiné, héliogravé et publié par le Service Géographique de l'Armée en 1929",https://1886.u-bordeaux-montaigne.fr/s/1886/item/340509
oai:u-bordeaux-montaigne.fr:340510,LXXI,71,9,36,B9-C36,Pavillier,,1927,,,07-08-02-069,partner,50000,9.75806,10.10000,35.40000,35.58333,0.3419,0.1833,"Tunisie Flle. N° LXXI-B9-C36, Pavillier / dressé, héliogravé et publié par le Service géographique de l'Armée en 1923 (révision partielle en 1927)",https://1886.u-bordeaux-montaigne.fr/s/1886/item/340510
oai:u-bordeaux-montaigne.fr:340511,LXXII,72,9,37,B9-C37,Oued Cherita,,1931,,,07-08-02-071,partner,50000,10.09111,10.45111,35.36667,35.56667,0.3600,0.2000,"Tunisie Flle. N° LXXII-B9-C37, Oued Cherita / dessiné, héliogravé et publié par le Service Géographique de l'Armée en 1922 (Complété en 1931)",https://1886.u-bordeaux-montaigne.fr/s/1886/item/340511
oai:u-bordeaux-montaigne.fr:340512,LXXIII,73,9,38,B9-C38,Kerker,,1931,,,07-08-02-073,partner,50000,10.45111,10.80222,35.35000,35.55000,0.3511,0.2000,"Tunisie Flle. N° LXXIII-B9-C38, Kerker / dessiné, héliogravé et publié par le Service Géographique de l'Armée (Complété en 1931)",https://1886.u-bordeaux-montaigne.fr/s/1886/item/340512
oai:u-bordeaux-montaigne.fr:340513,LXXV,75,10,32,B10-C32,Djebel Bireno,,1930,Bonne,Clarke 1880,07-08-02-077,partner,50000,8.32722,8.67806,35.29778,35.48694,0.3508,0.1892,"Tunisie Flle. N° LXXV-B10-C32, Djebel Bireno / dressé, heliogravé et publié par le Service géographique de l'armée en 1930",https://1886.u-bordeaux-montaigne.fr/s/1886/item/340513
oai:u-bordeaux-montaigne.fr:340514,LXXVI,76,10,33,B10-C33,Djebel Semmama,,1930,,,07-08-02-079,partner,50000,8.67806,9.02917,35.28000,35.46889,0.3511,0.1889,"Tunisie Flle. N° LXXVI-B10-C33, Djebel Semmama / dressé, héliogravé et publié au Service Géographique de l'Armée en 1930",https://1886.u-bordeaux-montaigne.fr/s/1886/item/340514
oai:u-bordeaux-montaigne.fr:340515,LXXVII,77,10,34,B10-C34,Djebel Mrhila,,1932,Bonne,Clarke 1880,07-08-02-081,partner,50000,9.38028,9.69583,35.26194,35.45083,0.3156,0.1889,"Tunisie Flle. N° LXXVII-B10-C34, Djebel Mrhila / dessiné, héliogravé et publié par le Service Géographique de l'Armée en 1932",https://1886.u-bordeaux-montaigne.fr/s/1886/item/340515
oai:u-bordeaux-montaigne.fr:340516,LXXVIII,78,10,35,B10-C35,Hadjeb el Aïoun,,1933,,,07-08-02-083,partner,50000,9.36667,9.71667,35.23333,35.41667,0.3500,0.1833,"Tunisie Flle. N° LXXVIII-B10-C35, Hadjeb el Aïoun / dressé, héliogravé et publié par le Service géographique de l'Armée en 1933",https://1886.u-bordeaux-montaigne.fr/s/1886/item/340516
oai:u-bordeaux-montaigne.fr:340527,LXXIX,79,10,36,B10-C36,Nasr Allah,,1934,Bonne,Clarke 1880,07-08-02-086,partner,50000,9.73111,10.08222,35.21667,35.40000,0.3511,0.1833,"Tunisie Flle. N° LXXIX-B10-C36, Nasr Allah / dressé, héliogravé et publié par le Service géographique de l'armée en 1934",https://1886.u-bordeaux-montaigne.fr/s/1886/item/340527
oai:u-bordeaux-montaigne.fr:340528,LXXX,80,10,37,B10-C37,Chorbane,,1934,,,07-08-02-089,partner,50000,10.08222,10.43333,35.18333,35.36667,0.3511,0.1833,"Tunisie Flle. N° LXXX-B10-C37, Chorbane / dressé, héliogravé et publié au Service géographique de l'Armée en 1934",https://1886.u-bordeaux-montaigne.fr/s/1886/item/340528
oai:u-bordeaux-montaigne.fr:340529,LXXXI,81,10,38,B10-C38,El Djem,,1931,,,07-08-02-091,partner,50000,10.43333,10.78333,35.16667,35.36667,0.3500,0.2000,"Tunisie Flle. N° LXXXI-B10-C38, El Djem / dessiné, héliogravé et publié par le Service Géographique de l'Armée (Complété en 1931)",https://1886.u-bordeaux-montaigne.fr/s/1886/item/340529
oai:u-bordeaux-montaigne.fr:340530,LXXXII,82,10,39,B10-C39,Chebba,,1925,,,07-08-02-093,partner,50000,10.77528,11.13528,35.14472,35.34278,0.3600,0.1981,"Tunisie Flle. N° LXXXII-B10-C39, Chebba / dressé, héliogravé et publié par le Service géographique de l'Armée (complété en 1925)",https://1886.u-bordeaux-montaigne.fr/s/1886/item/340530
oai:u-bordeaux-montaigne.fr:340531,LXXXIII,83,11,32,B11-C32,Bou Chebka,,1939,,,07-08-02-096,partner,50000,8.30917,8.66917,35.11778,35.30694,0.3600,0.1892,"Tunisie Flle. N° LXXXIII-B11-C32, Bou Chebka / dressé, dessiné et publié par le Service géographique de l'Armée en 1939",https://1886.u-bordeaux-montaigne.fr/s/1886/item/340531
oai:u-bordeaux-montaigne.fr:340532,LXXXIV,84,11,33,B11-C33,Kasserine,,1936,,,07-08-02-099,partner,50000,8.66028,9.02028,35.10000,35.28889,0.3600,0.1889,"Tunisie Flle. N° LXXXIV-B11-C33, Kasserine / dressé, héliogravé et publié par le Service Géographique de l'Armée en 1936",https://1886.u-bordeaux-montaigne.fr/s/1886/item/340532
btv1b53060313z,,,,,,,,,,,,bnf,50000,,,,,,,"Environs du Kef / dressé, héliogravé et publié par le service géographique de l'Armée",https://gallica.bnf.fr/ark:/12148/btv1b53060313z
oai:u-bordeaux-montaigne.fr:340629,,,,,,,,,,,07-09-05-08,partner,50000,10.35000,10.61667,33.21667,33.41667,0.2667,0.2000,"[Carte de Tunisie 1:50 000] / dressé, héliogravé et publié par le Service géographique de l'Armée (révisé en 1933)",https://1886.u-bordeaux-montaigne.fr/s/1886/item/340629
oai:u-bordeaux-montaigne.fr:340616,,,,,,,,,,,07-09-05-02,partner,50000,10.55000,10.90000,34.65000,34.83333,0.3500,0.1833,"Environs de Sfax / dressé, héliogravé et publié par le Service géographique de l'Armée",https://1886.u-bordeaux-montaigne.fr/s/1886/item/340616
btv1b53233066w,,,,,,,,1862,,,,bnf,50000,,,,,,,"Restauration des Aqueducs de Carthage. / Royaume de Tunis ; [par P. Colin, ingénieur civil, chevalier de la Légion d'honneur]",https://gallica.bnf.fr/ark:/12148/btv1b53233066w
btv1b53029646j,,,,,,,,1898,,,,bnf,50000,,,,,,,Environs de Bizerte,https://gallica.bnf.fr/ark:/12148/btv1b53029646j
btv1b530294979,,,,,,,,1898,,,,bnf,50000,,,,,,,Environs de Tunis,https://gallica.bnf.fr/ark:/12148/btv1b530294979
btv1b8445503p,,,,,,,,1911,,,,bnf,50000,,,,,,,"Environs de Medenine / Dressé, héliogravé et publié par le Service géographique de l'Armée",https://gallica.bnf.fr/ark:/12148/btv1b8445503p
btv1b53066570x,,,,,,,,1929,,,,bnf,50000,,,,,,,Manoeuvres d'Algérie-Tunisie. 1929,https://gallica.bnf.fr/ark:/12148/btv1b53066570x
btv1b8459188x,,,,,,,,1934,,,,bnf,50000,,,,,,,"Environs de Medenine. Dressé / héliogravé et publié par le Service géographique de l'armée, Revisé en 1933",https://gallica.bnf.fr/ark:/12148/btv1b8459188x
oai:u-bordeaux-montaigne.fr:340627,,,,,,,1934,1941,,,07-09-05-03,partner,50000,8.58333,8.93333,34.31667,34.48333,0.3500,0.1667,"[Tunisie au 1:50 000] / dressé, héliogravé et publié par le Service Géographique de l'Armée (révision de 1934)",https://1886.u-bordeaux-montaigne.fr/s/1886/item/340627
oai:u-bordeaux-montaigne.fr:340628,,,,,,,,1940,,,07-09-05-05,partner,50000,9.93333,10.18333,33.76667,33.98333,0.2500,0.2167,"[Carte de Tunisie 1:50 000] / dressé, héliogravé et publié par le Service géographique de l'Armée (révisée en 1933)",https://1886.u-bordeaux-montaigne.fr/s/1886/item/340628
oai:u-bordeaux-montaigne.fr:340533,XC,90,,,,Djebeniana,,1940,Bonne,Clarke 1880,07-08-02-110,partner,50000,10.75722,11.11722,34.96500,35.16278,0.3600,0.1978,"Tunisie Flle. N° XC, Djebeniana / dressé, dessiné et publié par le Service Géographique de l'Armée en 1940",https://1886.u-bordeaux-montaigne.fr/s/1886/item/340533
oai:u-bordeaux-montaigne.fr:340534,,,,,,,,1941,,,07-08-02-145,partner,50000,10.03722,10.43333,33.37194,33.57889,0.3961,0.2069,"Tunisie : coupure spéciale / dressé, dessiné par le Service Géographique de l'Armée en 1939-1940",https://1886.u-bordeaux-montaigne.fr/s/1886/item/340534
oai:u-bordeaux-montaigne.fr:340535,,,,,,,,1941,,,07-08-02-146,partner,50000,10.05528,10.45111,33.57000,33.77694,0.3958,0.2069,"Tunisie coupure spéciale, Mareth / dressé, dessiné par le Service géographique de l'Armée en 1939-40",https://1886.u-bordeaux-montaigne.fr/s/1886/item/340535
oai:u-bordeaux-montaigne.fr:340615,,,,,,,,1946,,,07-09-05-01,partner,50000,9.98333,10.46667,36.68333,36.85000,0.4833,0.1667,Environs de Tunis / publié par le Service géographique de l'Armée,https://1886.u-bordeaux-montaigne.fr/s/1886/item/340615
